2010 Summary Star View: Medicare Part D Report Card Master Table,,,
,,,
Medicare Part D Report Card Master Table,,,
Contract Number,Organization Marketing Name,Contract Name,"Summary 
Score"
H0046,ProSalud Medicare Esencial Activo,PROSALUD HMO CORPORATION,Not enough data to calculate summary score
H0084,Care Improvement PPO,CARE IMPROVEMENT PLUS OF TEXAS INSURANCE COMPANY,Not enough data to calculate summary score
H0104,Blue Cross Blue Shield of Alabama,BLUE CROSS AND BLUE SHIELD OF ALABAMA,4
H0108,"Humana Health Plan of California, Inc.","HUMANA HEALTH PLAN OF CALIFORNIA, INC.",Plan too new to be measured
H0117,WellCare,"WELLCARE OF OHIO, INC.",3
H0141,CareSource,CARESOURCE MICHIGAN,Not enough data to calculate summary score
H0150,"Healthspring of Alabama, Inc.","HEALTHSPRING OF ALABAMA, INC.",3.5
H0151,SecureHorizons by UnitedHealthcare,"UNITEDHEALTHCARE OF ALABAMA, INC.",3.5
H0154,VIVA Medicare Plus,"VIVA HEALTH, INC.",4
H0248,Humana Insurance Company,HUMANA INSURANCE COMPANY,Not enough data to calculate summary score
H0251,AmeriChoice Secure Plus Complete,"UNITEDHEALTHCARE PLAN OF THE RIVER VALLEY, INC.",3
H0302,Banner Health MediSun,"BANNER MEDISUN, INC.",4.5
H0303,SecureHorizons by UnitedHealthcare,"PACIFICARE OF ARIZONA, INC",3.5
H0307,"Humana Health Plan, Inc.","HUMANA HEALTH PLAN, INC.",3.5
H0316,SecureHorizons by UnitedHealthcare,"UNITEDHEALTHCARE OF ARIZONA,  INC.",3
H0317,Humana Insurance Company,HUMANA INSURANCE COMPANY,3
H0318,Aetna Medicare,AETNA HEALTH INC.,3
H0319,Evercare® Health Plans,UNITEDHEALTHCARE INSURANCE COMPANY,3
H0320,Desert Canyon Community Care,"ARCADIAN HEALTH PLAN, INC.",3
H0321,APIPA Personal Care Plus,"ARIZONA PHYSICIANS IPA, INC.",3.5
H0332,KelseyCare Advantage,"KS PLAN ADMINISTRATORS, LLC",3
H0351,"Health Net of Arizona, Inc.","HEALTH NET OF ARIZONA, INC.",3.5
H0354,CIGNA Medicare Select,"CIGNA HEALTHCARE OF ARIZONA, INC.",4.5
H0370,Coventry Health and Life Insurance Company,COVENTRY HEALTH AND LIFE INSURANCE CO. (SOUTH DAKO,Not enough data to calculate summary score
H0401,SecureHorizons by UnitedHealthcare,"UNITEDHEALTHCARE OF ARKANSAS, INC.",Not enough data to calculate summary score
H0408,Evercare® Health Plans,UNITEDHEALTHCARE INSURANCE COMPANY,Not enough data to calculate summary score
H0423,MetroPlus Health Plan,"METROPLUS HEALTH PLAN, INC.",3.5
H0474,Essence Healthcare,"ESSENCE HEALTHCARE OF NEW YORK, INC.",Plan too new to be measured
H0490,Molina Healthcare of Ohio,MOLINA HEALTHCARE OF OHIO,Not enough data to calculate summary score
H0504,Blue Shield of California,CALIFORNIA PHYSICIANS' SERVICE,3.5
H0523,Aetna Medicare,"AETNA HEALTH OF CALIFORNIA,INC.",3
H0524,Kaiser Permanente Senior Advantage,"KAISER FOUNDATION HP, INC.",4.5
H0532,Western Health Advantage,WESTERN HEALTH ADVANTAGE,4.5
H0540,Unicare Life & Health Ins. Company,UNICARE LIFE AND HEALTH INS. COMPANY,3
H0543,SecureHorizons by UnitedHealthcare,PACIFICARE OF CALIFORNIA/SECURE HORIZONS,3.5
H0544,CareMore Health Plan,CAREMORE HEALTH PLAN,4.5
H0545,Inter Valley Health Plan,"INTER VALLEY HEALTH PLAN, INC.",4.5
H0562,Health Net of CA,HEALTH NET_OF CA,3.5
H0564,Anthem Blue Cross,BLUE CROSS OF CALIFORNIA,3
H0571,Chinese Community Health Plan,CHINESE COMMUNITY HEALTH PLAN,3.5
H0609,AARP MedicareComplete from SecureHorizons,"PACIFICARE OF COLORADO, INC",4
H0620,Evercare® Health Plans,UNITEDHEALTHCARE INSURANCE COMPANY,3.5
H0621,Colorado Access,COLORADO ACCESS,3.5
H0623,Humana Insurance Company,HUMANA INSURANCE COMPANY,3.5
H0624,Evercare® Health Plans,UNITEDHEALTHCARE INSURANCE COMPANY,3
H0630,Kaiser Permanente Senior Advantage,KAISER FOUNDATION HP OF CO,5
H0710,Evercare® Health Plans,UNITEDHEALTHCARE INSURANCE COMPANY,2.5
H0712,WellCare,"WELLCARE OF CONNECTICUT, INC.",3
H0747,Educators Mutual Insurance Association,EDUCATORS MUTUAL INSURANCE ASSOCIATION,3.5
H0752,AARP MedicareComplete from SecureHorizons,"OXFORD HEALTH PLANS (CT), INC.",3
H0755,Health Net of Connecticut,HEALTH NET OF CONNECTICUT,3
H0806,Altius Advantra,"ALTIUS HEALTH PLANS, INC. (WYOMING)",Not enough data to calculate summary score
H0838,Brand New Day,HMO CALIFORNIA,4
H0901,Aetna Medicare,AETNA HEALTH INC.,3.5
H0908,Advantage by Buckeye Community Health Plan,"BUCKEYE COMMUNITY HEALTH PLAN, INC.",Not enough data to calculate summary score
H0913,WellCare,"WELLCARE HEALTH PLANS OF NEW JERSEY, INC.",3
H0974,Blue Plus,HMO MINNESOTA D/B/A BLUE PLUS,Not enough data to calculate summary score
H0979,"AMERICA'S 1ST CHOICE INSURANCE COMPANY OF NC, INC.","AMERICA'S 1ST CHOICE INSURANCE COMPANY OF NC, INC.",2.5
H1013,"Vista Healthplan of South Florida, Inc.","VISTA HEALTHPLAN OF SOUTH FLORIDA, INC.",3.5
H1016,AvMed Medicare Preferred,"AVMED, INC",3.5
H1019,"CarePlus Health Plans, Inc.",CARE PLUS HEALTH PLAN,4.5
H1026,"Health Options, Inc / Blue Cross Blue Shield of FL","HEALTH OPTIONS, INC",3
H1032,WellCare,"WELL CARE OF FLORIDA, INC.",3
H1035,"Florida Health Care Plan, Inc.","FLORIDA HEALTH CARE PLAN, INC.",4.5
H1036,"Humana Medical Plan, Inc.","HUMANA MEDICAL PLAN, INC",3.5
H1045,"Preferred Care Partners, Inc.",PREFERRED CARE PARTNERS INC.,3.5
H1076,"Vista Healthplan, Inc.","VISTA HEALTHPLAN, INC.",4
H1080,SecureHorizons by UnitedHealthcare,"UNITEDHEALTHCARE OF FLORIDA, INC.",3
H1099,Health First Medicare Plans,"HEALTH FIRST HEALTH PLANS, INC.",4.5
H1108,Evercare® Health Plans,UNITEDHEALTHCARE INSURANCE COMPANY,2.5
H1109,Aetna Medicare,AETNA HEALTH INC.(GEORGIA),3
H1110,Aetna Medicare,AETNA LIFE INSURANCE COMPANY,3
H1111,SecureHorizons by UnitedHealthcare,"UNITEDHEALTHCARE OF GEORGIA, INC.",3
H1112,WellCare,"WELLCARE OF GEORGIA, INC.",3
H1170,Kaiser Permanente Senior Advantage,"KAISER FOUNDATION HP OF GA, INC.",4.5
H1216,WellCare,"HARMONY HEALTH PLAN OF ILLINOIS, INC.",3
H1230,Kaiser Permanente Senior Advantage,"KAISER FOUNDATION HP, INC.",4.5
H1264,WellCare,"WELLCARE OF TEXAS, INC.",3
H1286,SecureHorizons by UnitedHealthcare,UNITEDHEALTHCARE INSURANCE COMPANY,3
H1302,Blue Cross of Idaho,BLUE CROSS OF IDAHO HLTH SERVICES INC,5
H1303,SecureHorizons by UnitedHealthcare,UNITEDHEALTHCARE INSURANCE COMPANY,3
H1304,Regence BlueShield Of Idaho,REGENCE BLUE SHIELD OF IDAHO,4
H1350,Blue Cross of Idaho,"BLUE CROSS OF IDAHO HEALTH SERVICES, INC",4.5
H1355,Bravo Health,"BRAVO HEALTH INSURANCE COMPANY, INC.",Not enough data to calculate summary score
H1364,Unison Advantage,"UNISON HEALTH PLAN OF OHIO, INC.",Not enough data to calculate summary score
H1365,Martin's Point Generations Advantage,"MARTIN'S POINT GENERATIONS, LLC",Plan too new to be measured
H1406,"Humana Health Plan, Inc.","HUMANA HEALTH PLAN, INC.",4
H1415,"HealthSpring, Inc.","HEALTHSPRING OF TENNESSEE, INC.",3.5
H1416,WellCare,"HARMONY HEALTH PLAN OF ILLINOIS, INC.",3
H1417,Health Alliance Medical Plans,HEALTH ALLIANCE MEDICAL PLANS,4.5
H1418,Humana Insurance Company,HUMANA INSURANCE COMPANY,3
H1419,Aetna Medicare,"AETNA HEALTH OF ILLINOIS, INC.",2.5
H1463,Health Alliance Medical Plans,HEALTH ALLIANCE MEDICAL PLANS,4.5
H1468,"Humana Benefit Plan of Illinois, Inc.","HUMANA BENEFIT PLAN OF ILLINOIS, INC",3.5
H1509,SecureHorizons by UnitedHealthcare,UNITEDHEALTHCARE INSURANCE COMPANY,3
H1510,Humana Insurance Company,HUMANA INSURANCE COMPANY,3
H1517,Anthem Blue Cross and Blue Shield,"ANTHEM INSURANCE COMPANIES, INC.",Not enough data to calculate summary score
H1595,HealthPlus,HEALTHPLUS INSURANCE COMPANY,Plan too new to be measured
H1607,Anthem Blue Cross and Blue Shield,"ANTHEM INSURANCE COMPANIES, INC.",3.5
H1608,Coventry Health and Life Insurance Company,COVENTRY HEALTH AND LIFE INS COMPANY,3.5
H1609,"Coventry Health Care of Iowa, Inc.","COVENTRY HEALTH CARE OF IOWA, INC.",3
H1643,Highmark Health Insurance Company,HM HEALTH INSURANCE COMPANY,3.5
H1657,WellCare,"HARMONY HEALTH PLANS OF ILLINOIS, INC.",3
H1681,Humana Insurance Company,HUMANA INSURANCE COMPANY,Not enough data to calculate summary score
H1689,"Anthem Insurance Companies, Inc.","ANTHEM INSURANCE COMPANIES, INC.",3
H1716,Humana Insurance Company,HUMANA INSURANCE COMPANY,3
H1717,SecureHorizons by UnitedHealthcare,UNITEDHEALTHCARE INSURANCE COMPANY,3.5
H1777,ArchCare Advantage,"CATHOLIC SPECIAL NEEDS PLAN, LLC",Not enough data to calculate summary score
H1804,Humana Insurance Company,HUMANA INSURANCE COMPANY,3
H1806,Humana Insurance Company,HUMANA INSURANCE COMPANY,3
H1807,Passport Advantage,"UNIVERSITY HEALTH CARE, INC.",3.5
H1837,Essence Healthcare,"ESSENCE HEALTHCARE, INC.",3.5
H1846,MediGold,MOUNT CARMEL HEALTH INSURANCE COMPANY,Not enough data to calculate summary score
H1849,Anthem Blue Cross and Blue Shield,"ANTHEM HEALTH PLANS OF KENTUCKY, INC.",3.5
H1903,WellCare,"WELLCARE OF LOUISIANA, INC.",2.5
H1906,"Humana Health Benefit Plan of LA, Inc.","HUMANA HEALTH BENEFIT PLAN OF LA, INC.",3
H1944,AARP MedicareComplete from SecureHorizons,UNITEDHEALTHCARE INSURANCE COMPANY,3.5
H1951,Humana Health Benefit Plan of Louisiana Inc,HUMANA HEALTH BENEFIT PLAN OF LOUISIANA INC,3.5
H1961,Peoples Health,"PEOPLES HEALTH, INC.",4
H2001,SecureHorizons by UnitedHealthcare,UNITEDHEALTHCARE INSURANCE COMPANY,3.5
H2012,"Humana Health Plan, Inc","HUMANA HEALTH PLAN, INC.",Plan too new to be measured
H2029,"Humana Insurance of Puerto Rico, Inc.","HUMANA INSURANCE OF PUERTO RICO, INC.",3
H2034,Community Care,"COMMUNITY CARE HEALTH PLAN, INC.",Not enough data to calculate summary score
H2108,Bravo Health,BRAVO HEALTH MID- ATLANTIC INC.,3
H2111,Evercare® Health Plans,UNITEDHEALTHCARE INSURANCE COMPANY,2.5
H2112,Aetna Medicare,AETNA HEALTH INC. (MARYLAND),3
H2165,HealthSpring Life & Health,"HEALTHSPRING LIFE & HEALTH INSURANCE COMPANY, INC.",Plan too new to be measured
H2169,UPMC Health Plan,UPMC HEALTH PLAN INC.,Not enough data to calculate summary score
H2174,Trillium Advantage,TRILLIUM COMMUNITY HEALTH PLAN,4
H2182,AARP MedicareComplete from SecureHorizons,UNITEDHEALTHCARE INSURANCE COMPANY,Not enough data to calculate summary score
H2224,Senior Whole Health,"SENIOR WHOLE HEALTH, LLC",3.5
H2225,"Commonwealth Care Alliance, Inc.","COMMONWEALTH CARE ALLIANCE, INC.",4.5
H2226,Evercare® Senior Care Options,UNITEDHEALTHCARE INSURANCE COMPANY,4
H2228,Evercare® Health Plans,UNITEDHEALTHCARE INSURANCE COMPANY,3
H2230,Blue Cross and Blue Shield of Massachusetts,"BLUE CROSS AND BLUE SHIELD OF MA HMO BLUE, INC.",3.5
H2237,iCare,"INDEPENDENT CARE HEALTH PLAN, INC.",3.5
H2241,Golden State Medicare Health Plan,GOLDEN STATE MEDICARE HEALTH PLAN,Plan too new to be measured
H2256,Tufts Health Plan,"TUFTS ASSOCIATED HMO, INC.",4.5
H2261,Blue Cross and Blue Shield of Massachusetts,"BLUE CROSS AND BLUE SHIELD OF MA HMO BLUE, INC.",4
H2291,ProSalud HMO Corp,"PROSALUD HMO, CORP.",Not enough data to calculate summary score
H2312,HAP Senior Plus,HEALTH ALLIANCE PLAN OF MICHIGAN,4
H2319,Blue Cross Blue Shield of Michigan,BLUE CROSS BLUE SHIELD OF MICHIGAN,3
H2320,Priority Health Medicare,PRIORITY HEALTH,3.5
H2322,Alliance Medicare PPO,"ALLIANCE HEALTH AND LIFE INSURANCE, CO",4
H2323,Fidelis SecureCare Of Michigan,FIDELIS SECURECARE OF MICHIGAN,3
H2354,HealthPlus of Michigan,HEALTHPLUS OF MICHIGAN,4
H2406,Evercare® Health Plans,UNITEDHEALTHCARE INSURANCE COMPANY,3
H2410,Medica Health Plans,MEDICA HEALTH PLANS,3.5
H2411,Fallon Community Health Plan,FALLON COMMUNITY HEALTH PLAN,Not enough data to calculate summary score
H2416,PrimeWest Health,PRIMEWEST HEALTH SYSTEM,4.5
H2417,Itasca Medical Care,ITASCA MEDICAL CARE,Not enough data to calculate summary score
H2419,South Country Health Alliance,SOUTH COUNTRY HEALTH ALLIANCE,4.5
H2422,HealthPartners Classic MN Senior Health Options,"HEALTHPARTNERS, INC.",5
H2425,Blue Plus,BLUE PLUS,4.5
H2456,UCare,UCARE MINNESOTA,4
H2457,Metropolitan Health Plan MSHO,METROPOLITAN HEALTH PLAN,4
H2458,Medica Health Plans,MEDICA HEALTH PLANS,4
H2459,UCare,UCARE MINNESOTA,4
H2481,CareSource,MID ROGUE INDEPENDENT PHYSICIAN ASSOCIATION,Not enough data to calculate summary score
H2486,Humana Medical Plan of Utah,HUMANA MEDICAL PLAN OF UTAH,Not enough data to calculate summary score
H2491,WellCare,"WELLCARE HEALTH INSURANCE OF ARIZONA, INC.",Not enough data to calculate summary score
H2542,Humana Insurance Company,HUMANA INSURANCE COMPANY,Not enough data to calculate summary score
H2593,"CareMore Health Plan of Arizona, Inc.","CAREMORE HEALTH PLAN OF ARIZONA, INC.",Plan too new to be measured
H2610,Essence Healthcare,"ESSENCE HEALTHCARE, INC.",3.5
H2611,Mercy Health Plans,MERCY HEALTH PLANS,3
H2613,Blue Cross Blue Shield of Missouri,HEALTHY ALLIANCE LIFE INSURANCE COMPANY,2.5
H2643,L.A. Care Health Plan Medicare Advantage,L. A. CARE HEALTH PLAN,Not enough data to calculate summary score
H2649,"Humana Health Plan, Inc.","HUMANA HEALTH PLAN, INC.",3.5
H2654,SecureHorizons by UnitedHealthcare,"UNITEDHEALTHCARE OF THE MIDWEST, INC.",3.5
H2663,"Group Health Plan, Inc.","GROUP HEALTH PLAN, INC.",3
H2667,"Mercy Health Plans of Missouri, Inc.",MERCY HEALTH PLANS OF MISSOURI INC.,3.5
H2672,"Coventry Health Care of Kansas, Inc.","COVENTRY HEALTH CARE OF KANSAS, INC.",3.5
H2701,New West Health Services,NEW WEST HEALTH SERVICES,3.5
H2762,CIGNA Medicare Access,CONNECTICUT GENERAL LIFE INSURANCE COMPANY,3
H2773,QUALITY HEALTH PLANS,"QUALITY HEALTH PLANS OF NEW YORK, INC.",Plan too new to be measured
H2775,Universal American,AMERICAN PROGRESSIVE LIFE & HEALTH INSURANCE OF NY,Not enough data to calculate summary score
H2802,SecureHorizons by UnitedHealthcare,"UNITEDHEALTHCARE OF THE MIDLANDS, INC.",4
H2803,SecureHorizons by UnitedHealthcare,UNITEDHEALTHCARE INSURANCE COMPANY,3.5
H2810,"Group Health Options, Inc.",GROUP HEALTH OPTIONS,Plan too new to be measured
H2899,Southeast Community Care,"ARCADIAN HEALTH PLAN OF NORTH CAROLINA, INC.",3
H2905,"Sierra Health and Life Insurance Company, Inc.","SIERRA HEALTH AND LIFE INSURANCE COMPANY, INC.",Not enough data to calculate summary score
H2906,Senior Care Plus,HOMETOWN HEALTH PLAN,3
H2926,PrimeWest Health,PRIMEWEST HEALTH SYSTEM,Not enough data to calculate summary score
H2931,"Health Plan of Nevada, Inc.","HEALTH PLAN OF NEVADA, INC.",3.5
H2944,Humana Insurance Company,HUMANA INSURANCE COMPANY,Plan too new to be measured
H2949,"Humana Health Plan, Inc.","HUMANA HEALTH PLAN, INC.",3
H2960,Senior Care Plus,HOMETOWN HEALTH PLAN,3.5
H2961,"Health Plan of Nevada, Inc.","HEALTH PLAN OF NEVADA, INC.",3.5
H2997,Anthem Blue Cross and Blue Shield,"ROCKY MOUNTAIN HOSPITAL AND MEDICAL SERVICES, INC.",Not enough data to calculate summary score
H3028,"Humana Health Plan, Inc.","HUMANA HEALTH PLAN, INC.",Not enough data to calculate summary score
H3044,Welborn Health Plans,"NHP OF INDIANA, LLC",3
H3059,PHYSICIANS HEALTH CHOICE OF NEW MEXICO,PHYSICIANS HEALTH CHOICE OF NEW MEXICO,3.5
H3081,Educators Mutual Insurance Association,EDUCATORS MUTUAL INSURANCE ASSOCIATION,Plan too new to be measured
H3107,AARP MedicareComplete from SecureHorizons,"OXFORD HEALTH PLANS (NJ), INC.",2.5
H3113,Evercare® Health Plans,"OXFORD HEALTH PLANS (NJ), INC.",2.5
H3132,Positive Healthcare Partners,"AIDS HEALTHCARE FOUNDATION MCO OF FLORIDA, INC.",Not enough data to calculate summary score
H3152,Aetna Medicare,"AETNA HEALTH, INC.",3
H3154,"Horizon Blue Cross Blue Shield of New Jersey, Inc.","HORIZON HEALTHCARE OF NEW JERSEY, INC.",3
H3156,AmeriHealth 65,AMERIHEALTH HMO_INC,3.5
H3164,AmeriChoice Personal Care Plus,"AMERICHOICE OF NEW JERSEY, INC",3
H3204,Presbyterian Senior Care,PRESBYTERIAN HEALTH PLAN,4
H3206,Presbyterian MediCare PPO,"PRESBYTERIAN INSURANCE COMPANY, INC.",3.5
H3209,Evercare® Health Plans,UNITEDHEALTHCARE INSURANCE COMPANY,Not enough data to calculate summary score
H3214,"First Medical Health Plan of Florida, Inc.",FIRST MEDICAL HEALTH PLAN (OF FLORIDA),Not enough data to calculate summary score
H3240,AMERIGROUP Community Care,"AMERIGROUP NEW JERSEY, INC.",3
H3251,Lovelace Senior Plan,"LOVELACE HEALTH SYSTEM, INC.",4.5
H3305,MVP HEALTH CARE,"MVP HEALTH PLAN, INC.",4.5
H3307,SecureHorizons by UnitedHealthcare,"OXFORD HEALTH PLANS (NY), INC.",3
H3312,Aetna Medicare,AETNA HEALTH INC.,3
H3327,Touchstone Health,"TOUCHSTONE HEALTH HMO, INC.",3
H3328,Fidelis Care,NEW YORK STATE CATHOLIC HLTH PLAN INC,3.5
H3330,HIP Medicare HMO,HIP OF GREATER NEW YORK,4
H3333,Universal American,AMERICAN PROGRESSIVE LIFE/HLTH INS.,2.5
H3335,"Excellus Health Plan, Inc","EXCELLUS HEALTH PLAN, INC.",4.5
H3336,Neighborhood Health Providers,NEIGHBORHOOD HEALTH PROVIDERS LLC,3.5
H3337,Liberty Health Advantage,"LIBERTY HEALTH ADVANTAGE, INC.",3
H3342,Empire BlueCross BlueShield,"EMPIRE HEALTHCHOICE ASSURANCE, INC.",3
H3344,Independent Health,INDEPENDENT HEALTH BENEFITS CORPORATION,3.5
H3346,MVP HEALTH CARE,"MVP HEALTH PLAN, INC.",4.5
H3347,Elderplan,"ELDERPLAN, INC.",3
H3351,"Excellus Health Plan, Inc","EXCELLUS HEALTH PLAN, INC.",4
H3359,Healthfirst Medicare Plan,"MANAGED HEALTH, INC.",3.5
H3361,WellCare,"WELLCARE_OF NEW YORK, INC.",3
H3362,Independent Health,"INDEPENDENT HEALTH ASSOCIATION, INC.",4
H3366,Touchstone Health,"TOUCHSTONE HEALTH HMO, INC.",3
H3370,Empire BlueCross BlueShield HMO,"EMPIRE HEALTHCHOICE HMO, INC.",3
H3379,SecureHorizons by UnitedHealthcare,"UNITEDHEALTHCARE OF NEW YORK, INC.",3
H3384,Senior Blue,HEALTHNOW NEW YORK INC,3.5
H3387,AmeriChoice Personal Care Plus,"UNITEDHEALTHCARE OF NEW YORK, INC.",Not enough data to calculate summary score
H3388,CDPHP Medicare Choices,"CAPITAL DISTRICT PHYSICIANS' HEALTH PLAN, INC.",4.5
H3404,"PARTNERS National Health Plans, a BCBSNC company",PARTNERS NATIONAL HEALTH PLANS OF NC INC,3
H3405,Humana Insurance Company,HUMANA INSURANCE COMPANY,3
H3449,"PARTNERS National Health Plans, a BCBSNC company","PARTNERS NATIONAL HEALTH PLANS OF NC, INC.",3
H3456,SecureHorizons by UnitedHealthcare,"UNITEDHEALTHCARE OF NORTH CAROLINA, INC.",3
H3518,"Blue Cross and Blue Shield of Florida, Inc.","BLUE CROSS BLUE SHIELD OF FLORIDA, INC.",3
H3528,"ConnectiCare, Inc.","CONNECTICARE, INC.",4
H3533,Northeast Community Care,"ARCADIAN HEALTH PLAN OF NEW YORK, INC.",Not enough data to calculate summary score
H3597,Aetna Medicare,AETNA HEALTH,2.5
H3619,Humana Insurance Company,HUMANA INSURANCE COMPANY,3
H3620,PrimeTime Health Plan,MCKINLEY LIFE INSURANCE COMPANY,3.5
H3623,Aetna Medicare,"AETNA HEALTH,  INC.",3
H3653,Paramount Elite,"PARAMOUNT CARE, INC",3
H3655,Anthem Blue Cross and Blue Shield,COMMUNITY INSURANCE COMPANY,3.5
H3659,SecureHorizons by UnitedHealthcare,"UNITEDHEALTHCARE OF OHIO, INC.",3.5
H3660,SummaCare,SUMMACARE INC.,3.5
H3664,PrimeTime Health Plan,MCKINLEY LIFE INSURANCE COMPANY,4
H3668,MediGold,"MT. CARMEL HEALTH PLAN, INC.",4.5
H3672,The Health Plan,HOMETOWN HEALTH PLAN,4.5
H3706,Universal American,"GLOBALHEALTH, INC.",2.5
H3708,Universal American,"SELECTCARE OF OKLAHOMA, INC.",Not enough data to calculate summary score
H3709,HISC - Blue Cross And Blue Shield Of Oklahoma,HCSC INSURANCE SERVICES COMPANY,2.5
H3749,SecureHorizons by UnitedHealthcare,"PACIFICARE OF OKLAHOMA, INC.",3.5
H3755,CommunityCare Senior Health Plan,"COMMUNITY CARE HMO, INC",4.5
H3805,AARP MedicareComplete from SecureHorizons,"PACIFICARE OF OREGON, INC.",3.5
H3810,CareSource,MID ROGUE INDEPENDENT PHYSICIAN ASSOCIATION,4
H3811,Samaritan Advantage Health Plan,"SAMARITAN HEALTH PLANS, INC.",4
H3812,SecureHorizons by UnitedHealthcare,UNITEDHEALTHCARE INSURANCE COMPANY,3
H3813,"ODS Health Plan, Inc.","ODS HEALTH PLAN, INC.",4
H3814,ATRIO MyAdvantage,ATRIO HEALTH PLANS,3.5
H3815,Citizens Choice Healthplan,CITIZENS CHOICE HEALTHPLAN,3.5
H3817,Regence BlueCross BlueShield of Oregon,REGENCE BLUECROSS BLUESHIELD OF OR,4
H3818,"FamilyCare Health Plans, Inc.","FAMILYCARE HEALTH PLANS, INC.",3
H3864,Clear One Health Plans,"CLEAR ONE HEALTH PLANS, INC.",3
H3871,RedMed,RED MEDICA DE PUERTO RICO,Plan too new to be measured
H3887,SecureHorizons by UnitedHealthcare,UNITEDHEALTHCARE INSURANCE COMPANY,3
H3907,UPMC Health Plan,UNIVERSITY OF PITTSBURGH MEDICAL CENTER,4
H3909,Personal Choice 65,QCC INSURANCE COMPANY,3.5
H3912,Evercare® Health Plans,UNITEDHEALTHCARE INSURANCE COMPANY,2.5
H3916,Highmark Inc.,"HIGHMARK, INC.",4
H3920,Unison Advantage,"UNISON HEALTH PLAN OF PENNSYLVANIA, INC.",2.5
H3921,SecureHorizons by UnitedHealthcare,UNITEDHEALTHCARE INSURANCE COMPANY,Not enough data to calculate summary score
H3923,Capital Advantage Insurance Company,CAPITAL ADVANTAGE INSURANCE COMPANY,3.5
H3924,Geisinger Gold,GEISINGER INDEMNITY INSURANCE COMPANY,Not enough data to calculate summary score
H3931,Aetna Medicare,AETNA HEALTH INC,3
H3949,Bravo Health,BRAVO HEALTH PENNSYLVANIA INC.,3.5
H3952,Keystone 65,"KEYSTONE HEALTH PLAN EAST, INC.",3.5
H3954,Geisinger Gold,GEISINGER HEALTH PLAN,3.5
H3957,"Keystone Health Plan West, Inc.","KEYSTONE HEALTH PLAN WEST, INC.",4
H3959,HealthAmerica Advantra,"HEALTHAMERICA PENNSYLVANIA, INC.",3.5
H3962,"Keystone Health Plan Central, Inc.","KEYSTONE HEALTH PLAN CENTRAL,INC.",4
H3964,Senior Partners,"BRAVO HEALTH PENNSYLVANIA, INC.",4
H4003,Medicare y Mucho Más,"MMM HEALTHCARE, INC.",3
H4004,"Preferred Medicare Choice, Inc.","PREFERRED MEDICARE CHOICE, INC.",3
H4005,"Triple-S Salud, Inc.","TRIPLE-S SALUD,  INC.",3
H4006,MCS Classicare,MCS ADVANTAGE INC.,3
H4007,Humana Health Plans Of Puerto Rico Inc,HUMANA HEALTH PLANS OF PUERTO RICO INC,3.5
H4008,"Humana Insurance Of Puerto Rico, Inc","HUMANA INSURANCE OF PUERTO RICO, INC",Not enough data to calculate summary score
H4009,Salud Dorada con Medicare,"SDM HEALTHCARE MANAGEMENT, INC.",3
H4011,"First Medical Health Plan, Inc.","FIRST MEDICAL HEALTH PLAN, INC.",3
H4012,"Triple-S Salud, Inc.","TRIPLE-S SALUD, INC.",3
H4036,Anthem Blue Cross and Blue Shield,"ANTHEM INSURANCE COMPANIES, INC.",Not enough data to calculate summary score
H4102,AARP MedicareComplete from SecureHorizons,"UNITEDHEALTHCARE OF NEW ENGLAND, INC.",4
H4106,Evercare® Health Plans,UNITEDHEALTHCARE INSURANCE COMPANY,3
H4125,Arcadian Health Plan,ARCADIAN HEALTH PLAN,3
H4141,"Humana Employers Health Plan of Georgia, Inc.","HUMANA EMPLOYERS HEALTH PLAN OF GEORGIA, INC.",Plan too new to be measured
H4152,Blue Cross & Blue Shield of Rhode Island,BLUE CROSS AND BLUE SHIELD OF RHODE ISLAND,3.5
H4155,JMH Health Plan,PUBLIC HEALTH TRUST OF MIAMI-DADE COUNTY,Plan too new to be measured
H4205,Blue Cross Blue Shield of South Carolina,BLUE CROSS AND BLUE SHIELD OF SOUTH CAROLINA,3
H4209,Blue Cross Blue Shield of South Carolina,BLUE CROSS AND BLUE SHIELD OF SOUTH CAROLINA,3
H4213,Arkansas Blue Cross - Medi-Pak Advantage,ARKANSAS BLUE CROSS AND BLUE SHIELD,Plan too new to be measured
H4270,UCare,"UCARE WISCONSIN, INC.",3.5
H4346,CareMore Health Plan of Nevada,CAREMORE HEALTH PLAN OF NEVADA,Plan too new to be measured
H4382,ProHealth,PROSALUD HMO CORP.,Plan too new to be measured
H4406,AARP MedicareComplete from SecureHorizons,"UNITEDHEALTHCARE OF TENNESSEE, INC.",3
H4407,"Healthspring, Inc.","HEALTHSPRING OF TENNESSEE, INC.",4
H4408,Humana Insurance Company,HUMANA INSURANCE COMPANY,2.5
H4449,"Sierra Health and Life Insurance Company, Inc.","SIERRA HEALTH AND LIFE INSURANCE COMPANY, INC.",Not enough data to calculate summary score
H4454,Healthspring,"HEALTHSPRING OF TENNESSEE, INC.",4.5
H4456,SecureHorizons by UnitedHealthcare,"UNITEDHEALTHCARE OF THE RIVER VALLEY, INC.",3.5
H4461,"Cariten Health Plan, Inc.",CARITEN HEALTH PLAN IN,3.5
H4506,Universal American,"SELECTCARE OF TEXAS, L.L.C.",3.5
H4510,"Humana Health Plan of Texas, Inc.","HUMANA HEALTH PLAN OF TEXAS,INC.",3.5
H4513,Texas HealthSpring,TEXAS HEALTHSPRING LLC,4
H4514,Evercare® Health Plans,"EVERCARE OF TEXAS, LLC",3
H4520,Humana Insurance Company,HUMANA INSURANCE COMPANY,3
H4522,SecureHorizons by UnitedHealthcare,UNITEDHEALTHCARE INSURANCE COMPANY,3
H4523,Aetna Medicare,AETNA HEALTH INC.,3
H4524,Aetna Medicare,AETNA LIFE INSURANCE COMPANY,2.5
H4525,FirstCare Advantage,"SHA, L.L.C",3
H4527,PHYSICIANS HEALTH CHOICE,PHYSICIANS HEALTH CHOICE OF TEXAS LLC,3.5
H4528,Bravo Health,"BRAVO HEALTH TEXAS, INC.",3
H4529,Texas Community Care,"ARCADIAN HEALTH PLAN, INC.",3
H4590,SecureHorizons by UnitedHealthcare,"PACIFICARE OF TEXAS, INC.",3.5
H4604,SecureHorizons by UnitedHealthcare,"UNITEDHEALTHCARE OF UTAH, INC.",3
H4605,Regence BlueCross BlueShield of Utah,REGENCE BLUECROSS BLUESHIELD OF UT,4
H4606,Humana Insurance Company,HUMANA INSURANCE COMPANY,3
H4754,Clear One Health Plans,"CLEAR CHOICE HEALTH PLANS, INC.",Plan too new to be measured
H4774,Humana Insurance Company of New York,HUMANA INSURANCE COMPANY OF NEW YORK,Plan too new to be measured
H4837,UnitedHealthcare Personal Care Plus,UNITEDHEALTHCARE OF WISCONSIN,Not enough data to calculate summary score
H4875,Priority Health Medicare,PRIORITY HEALTH,Plan too new to be measured
H4908,Optima Medicare,OPTIMA HEALTH INSURANCE COMPANY,3.5
H4909,Anthem Blue Cross and Blue Shield,"ANTHEM HEALTH PLANS OF VIRGINIA, INC.",3.5
H4910,Aetna Medicare,AETNA HEALTH INC.,Not enough data to calculate summary score
H4917,"Guardian Healthcare, Inc.","GUARDIAN HEALTHCARE,INC.",Not enough data to calculate summary score
H4956,Humana Insurance Company,HUMANA INSURANCE COMPANY,Not enough data to calculate summary score
H4971,SecureHorizons by UnitedHealthcare,UNITEDHEALTHCARE INSURANCE COMPANY,Not enough data to calculate summary score
H5005,AARP MedicareComplete from SecureHorizons,"PACIFICARE OF WASHINGTON, INC.",3
H5006,Sterling Life Insurance Company,STERLING LIFE INSURANCE COMPANY,3
H5008,Evercare® Health Plans,UNITEDHEALTHCARE INSURANCE COMPANY,3
H5009,Regence BlueShield,REGENCE BLUESHIELD,4.5
H5010,Asuris Northwest Health,ASURIS NORTHWEST HEALTH,4
H5041,Humana Insurance Company,HUMANA INSURANCE COMPANY,Not enough data to calculate summary score
H5042,CDPHP Medicare Choices,"CDPHP UNIVERSAL BENEFITS, INC.",4.5
H5050,Group Health Cooperative,GROUP HEALTH COOPERATIVE,4.5
H5087,Easy Choice Health Plan,EASY CHOICE HEALTH PLAN INC.,3.5
H5106,Highmark Health Insurance Company,HIGHMARK HEALTH INSURANCE COMPANY,4
H5151,The Health Plan,HEALTH PLAN OF THE UPPER OHIO VALLEY,4
H5162,Sterling Life Insurance Company,STERLING LIFE INSURANCE COMPANY,Plan too new to be measured
H5206,Community Health Partnership,"PARTNERSHIP HEALTH PLAN, INC.",4
H5207,Community Care,"COMMUNITY CARE HEALTH PLAN, INC",Not enough data to calculate summary score
H5209,"Care Wisconsin Health Plan, Inc.","CARE WISCONSIN HEALTH PLAN, INC.",4
H5211,"Security Health Plan Of Wisconsin, Inc","SECURITY HEALTH PLAN OF WISCONSIN, INC",4.5
H5214,Humana Insurance Company,HUMANA INSURANCE COMPANY,3
H5215,Network Platinum Medicare Advantage Plans,NETWORK HEALTH INSURANCE CORPORATION,4.5
H5216,Humana Insurance Company,HUMANA INSURANCE COMPANY,3
H5253,SecureHorizons by UnitedHealthcare,"UNITEDHEALTHCARE OF WISCONSIN, INC",3.5
H5262,"Gundersen Lutheran Health Plan, Inc.",GUNDERSEN LUTHERAN HEALTH PLAN,5
H5291,"Humana Health Plan, Inc.","HUMANA HEALTH PLAN, INC.",3
H5294,Advantage by SuperiorHealthPlan,"SUPERIOR HEALTH PLAN, INC.",Not enough data to calculate summary score
H5302,Advantra,"COVENTRY HEALTH CARE OF GEORGIA, INC.",3
H5378,Universal American,THE PYRAMID LIFE INSURANCE COMPANY,Not enough data to calculate summary score
H5402,Quality Health Plans,"QUALITY HEALTH PLANS, INC.",3
H5404,"Universal Health Care, Inc.","UNIVERSAL HEALTH CARE, INC.",3
H5407,"Citrus Health Care, Inc.","CITRUS HEALTH CARE, INC.",3
H5410,"HealthSpring of Florida, Inc.","HEALTHSPRING OF FLORIDA, INC.",5
H5414,Aetna Medicare,AETNA HEALTH INC.,2.5
H5415,"Humana Health Insurance Company of FL, Inc.","HUMANA HEALTH INSURANCE COMPANY OF FL, INC.",3
H5416,Spokane Community Care,"ARCADIAN HEALTH PLAN, INC.",3.5
H5417,Evercare® Health Plans,UNITEDHEALTHCARE INSURANCE COMPANY,3
H5419,Anthem Blue Cross,BLUE CROSS OF CALIFORNIA,3
H5420,"Medica HealthCare Plans, Inc.","MEDICA HEALTHCARE PLANS, INC.",3.5
H5421,Universal American,THE PYRAMID LIFE INSURANCE COMPANY,2.5
H5422,Blue Cross Blue Shield Healthcare Plan of Georgia,BLUE CROSS BLUE SHIELD OF GEORGIA,3
H5424,SecureHorizons by UnitedHealthcare,UNITEDHEALTHCARE INSURANCE COMPANY,3
H5425,SCAN Health Plan,SCAN HEALTH PLAN,4
H5426,"Humana AdvantageCare Plan, Inc.","HUMANA ADVANTAGECARE PLAN, INC.",2.5
H5427,"Freedom Health, Inc.","FREEDOM HEALTH PLAN, INC.",2.5
H5428,Health Plan of San Mateo,SAN MATEO HEALTH COMMISSION,3.5
H5429,"Universal Health Care, Inc.","UNIVERSAL HEALTH CARE, INC.",3
H5430,"ONECare by Care1st Health Plan Arizona, Inc.",CARE1ST HEALTH PLAN OF ARIZONA,3
H5431,"HealthSun Health Plans, Inc.","HEALTHSUN HEALTH PLANS, INC.",3.5
H5433,OneCare,ORANGE COUNTY HEALTH AUTHORITY,4
H5434,"Blue Cross and Blue Shield of Florida, Inc.","BLUE CROSS AND BLUE SHIELD OF FLORIDA, INC.",3
H5435,SecureHorizons MedicareDirect,UNITEDHEALTHCARE INSURANCE COMPANY,3
H5439,Health Net Life Insurance Company,HEALTH NET LIFE INSURANCE COMPANY,3.5
H5440,Evercare® Health Plans,UNITEDHEALTHCARE INSURANCE COMPANY,3
H5470,Humana Insurance Company,HUMANA INSURANCE COMPANY,Not enough data to calculate summary score
H5507,AARP MedicareComplete from SecureHorizons,UNITEDHEALTHCARE INSURANCE COMPANY,3
H5508,"Advantage Health Solutions, Inc.","ADVANTAGE HEALTH SOLUTIONS, INC.",3
H5509,Coventry Health And Life Ins. Company,COVENTRY HEALTH AND LIFE INS. COMPANY,3.5
H5516,AARP MedicareComplete from SecureHorizons,UNITEDHEALTHCARE INSURANCE COMPANY,3.5
H5520,Health Net Medicare Advantage,HEALTH NET LIFE INSURANCE COMPANY,4
H5521,Aetna Medicare,AETNA LIFE INSURANCE COMPANY,3
H5522,HealthAmerica Advantra,"HEALTHASSURANCE PENNSYLVANIA, INC.",3.5
H5525,"Humana Benefit Plan of Illinois, Inc.","HUMANA BENEFIT PLAN OF ILLINOIS, INC.",3
H5526,Forever Blue Medicare PPO,HEALTHNOW NEW YORK INC.,4
H5528,GHI Medicare PPO,GROUP HEALTH INCORPORATED,3
H5529,Anthem Blue Cross and Blue Shield,COMMUNITY INSURANCE COMPANY,3.5
H5530,Anthem Blue Cross and Blue Shield,"ANTHEM HEALTH PLANS OF KENTUCKY, INC.",3.5
H5532,AARP MedicareComplete from SecureHorizons,UNITEDHEALTHCARE INSURANCE COMPANY,3
H5533,UPMC Health Plan,UPMC HEALTH NETWORK,3.5
H5549,VNS CHOICE Medicare,VNS CHOICE,3.5
H5554,Santa Clara Family Health Plan,SANTA CLARA COUNTY HEALTH AUTHORITY,3
H5575,Fidelis SecureCare of North Carolina,FIDELIS SECURECARE OF NORTH CAROLINA,Not enough data to calculate summary score
H5576,"Vantage Health Plan, Inc.","VANTAGE  HEALTH PLAN, INC.",4
H5577,MCS Classicare,MCS ADVANTAGE INC.,3.5
H5578,Southeast Community Care,"ARCADIAN HEALTH PLAN OF GEORGIA, INC.",3
H5580,Mercy Care Advantage,SOUTHWEST CATHOLIC HEALTH NETWORK CORPORATION,3
H5587,Health Choice Generations,"HEALTH CHOICE ARIZONA, INC.",3
H5590,Advantage by Bridgeway Health Solutions,BRIDGEWAY HEALTH SOLUTIONS,Not enough data to calculate summary score
H5591,Martin's Point Generations Advantage,"MARTIN'S POINT GENERATIONS, LLC",5
H5594,"Optimum HealthCare, Inc.","OPTIMUM HEALTHCARE, INC.",2.5
H5608,Denver Health Medical Plan,"DENVER HEALTH MEDICAL PLAN, INC.",3.5
H5609,GEMCARE Health Plan,GEMCARE HEALTH PLAN INC.,4
H5619,Northeast Community Care,"ARCADIAN HEALTH PLAN, INC.",4
H5628,Molina Healthcare of Utah,"MOLINA HEALTHCARE OF UTAH, INC.",3
H5640,IEHP Medicare DualChoice,IEHP HEALTH ACCESS,5
H5649,Central Health Medicare Plan,"CENTRAL HEALTH PLAN OF CALIFORNIA, INC.",4
H5656,Universal American,"SELECTCARE HEALTH PLANS, INC.",3
H5665,Care Improvement Plus,"CARE IMPROVEMENT PLUS  OF MARYLAND, INC.",3
H5679,Anthem Blue Cross and Blue Shield,"HMO COLORADO, INC.",Not enough data to calculate summary score
H5685,Midwest Advantage,"MIDWEST HEALTH PLAN, INC.",Not enough data to calculate summary score
H5696,PUP,"PHYSICIANS UNITED PLAN, INC.",3
H5698,Windsor Medicare Extra,"WINDSOR HEALTH PLANS, INC.",2.5
H5700,"Arkansas Community Care, Inc.","ARKANSAS COMMUNITY CARE, INC.",3
H5703,South Country Health Alliance,SOUTH COUNTRY HEALTH ALLIANCE,4.5
H5732,"Triple-S Salud, INC.","TRIPLE-S SALUD, INC.",3
H5736,Aetna Medicare,AETNA LIFE INSURANCE COMPANY,2.5
H5746,AMERIGROUP Community Care of New Mexico,"AMERIGROUP NEW MEXICO, INC.",Not enough data to calculate summary score
H5749,AARP MedicareComplete from SecureHorizons,UNITEDHEALTHCARE INSURANCE COMPANY,3
H5750,North Star Advantage / North Star Advantage Plus,METROPOLITAN HEALTH PLAN,Not enough data to calculate summary score
H5774,American Health Medicare,"AMERICAN HEALTH, INC.",3
H5782,Partnership HealthPlan of California,PARTNERSHIP HEALTHPLAN OF CALIFORNIA,4
H5783,Southeast Community Care,"ARCADIAN HEALTH PLAN, INC.",3
H5793,Aetna Medicare,AETNA HEALTH INC.,3
H5810,Molina Healthcare of California,MOLINA HEALTHCARE OF CALIFORNIA,3
H5811,Medcore HP,MEDCORE HP,3.5
H5812,Geisinger Gold,GEISINGER INDEMNITY INSURANCE COMPANY,3.5
H5813,Aetna Medicare,"AETNA HEALTH, INC",3
H5817,AMERIGROUP Community Care,"AMERIGROUP TEXAS, INC.",2.5
H5820,"UNIVERSAL HEALTH CARE INSURANCE COMPANY, INC.",UNIVERSAL HEALTH CARE INSURANCE COMPANY,3
H5821,MAPFRE LIFE INSURANCE COMPANY,MAPFRE LIFE INSURANCE COMPANY,3.5
H5823,"Molina Healthcare of Washington, Inc.","MOLINA HEALTHCARE OF WASHINGTON, INC.",3
H5826,Community HealthFirst Medicare Advantage Plan,COMMUNITY HEALTH PLAN OF WASHINGTON,3
H5832,Aetna Medicare,AETNA HEALTH INC.,3
H5839,Sterling Life Insurance Company,STERLING LIFE INSURANCE COMPANY (MT),Not enough data to calculate summary score
H5850,"Summit Health Plan, Inc.","SUMMIT HEALTH PLAN, INC.",3
H5852,POSITIVE HEALTHCARE PARTNERS,AIDS HEALTHCARE FOUNDATION,4.5
H5854,Anthem Blue Cross and Blue Shield,"ANTHEM HEALTH PLANS, INC",3
H5859,CareOregon Advantage,"HEALTH PLAN OF CAREOREGON, INC.",3.5
H5862,Blue Cross of Idaho,"BLUE CROSS OF IDAHO HEALTH SERVICES, INC.",4.5
H5868,Humana Insurance Company,HUMANA INSURANCE COMPANY,3
H5883,Blue Care Network,BLUE CARE NETWORK OF MICHIGAN,3.5
H5884,BlueCross BlueShield of Tennessee,BLUECROSS BLUESHIELD OF TENNESSEE,4
H5887,"First Medical Health Plan, Inc.","FIRST MEDICAL HEALTH PLAN, INC.",3.5
H5895,Contra Costa Health Plan,CONTRA COSTA CO MED SVCS DBA CONTRA COSTA HEALTH,Not enough data to calculate summary score
H5896,AMERIGROUP Community Care,"AMERIGROUP MARYLAND, INC.",3.5
H5926,Molina Healthcare of Michigan,MOLINA HEALTHCARE OF MICHIGAN,3
H5928,Care1st Medicare Advantage Plan,CARE1ST HEALTH PLAN,3.5
H5932,Gateway Health Plan Medicare Assured,"GATEWAY HEALTH PLAN, INC.",4
H5938,Capital Health Plan,CAPITAL HEALTH PLAN,4.5
H5948,Arta Medicare Health Plan,"ARTA MEDICARE HEALTH PLAN, INC.",Not enough data to calculate summary score
H5950,Aetna Medicare,AETNA HEALTH INC.,Not enough data to calculate summary score
H5969,AlohaCare,ALOHACARE,4
H5970,Humana Insurance Company of New York,HUMANA INSURANCE COMPANY OF NEW YORK,Plan too new to be measured
H5980,"Fidelis SecureCare of Texas, Inc.","FIDELIS SECURECARE OF TEXAS, INC.",Not enough data to calculate summary score
H5985,Abrazo Advantage Health Plan,ABRAZO ADVANTAGE HEALTH PLAN,3.5
H5989,Comprehensive Care Management Corp.,COMPREHENSIVE CARE MANAGEMENT CORP.,Not enough data to calculate summary score
H5991,Affinity Health Plan,"AFFINITY HEALTH PLAN, INC.",4
H5992,Senior Whole Health of New York,"SENIOR WHOLE HEALTH, LLC",Not enough data to calculate summary score
H5995,"Marion Polk Community Health Plan Advantage, Inc.","MARION POLK COMMUNITY HEALTH PLAN ADVANTAGE, INC.",3
H5998,Unison Advantage,"UNISON HEALTH PLAN OF TENNESSEE, INC.",2
H6120,PHYSICIANS HEALTH CHOICE,PHYSICIANS HEALTH CHOICE OF FLORIDA,Not enough data to calculate summary score
H6178,CareSource,CARESOURCE,Not enough data to calculate summary score
H6181,AMERIGROUP Community Care,"AMERIGROUP NEW YORK, LLC",Not enough data to calculate summary score
H6264,Health Plus Elite,"HEALTHPLUS PHSP, INC.",Not enough data to calculate summary score
H6328,Care N' Care Health Plan,"CARE N' CARE INSURANCE COMPANY, INC.",Not enough data to calculate summary score
H6411,Humana Insurance Company,HUMANA INSURANCE COMPANY,4
H6421,Bravo  Health,BRAVO HEALTH MID- ATLANTIC INC.,Not enough data to calculate summary score
H6528,Care Improvement PPO,CARE IMPROVEMENT PLUS SOUTH CENTRAL INSURANCE CO.,Not enough data to calculate summary score
H6609,Humana Insurance Company,HUMANA INSURANCE COMPANY,Plan too new to be measured
H6642,"Universal HMO of Texas, Inc.","UNIVERSAL HMO OF TEXAS, INC.",Plan too new to be measured
H6864,GuildNet,"GUILDNET, INC.",Not enough data to calculate summary score
H6900,Humana Insurance Company,HUMANA INSURANCE COMPANY,Not enough data to calculate summary score
H6923,Aetna Medicare,AETNA HEALTH,Not enough data to calculate summary score
H6952,Great Lakes Personal Care Plus,"GREAT LAKES HEALTH PLAN, INC.",Not enough data to calculate summary score
H7002,Humana Insurance Company,HUMANA INSURANCE COMPANY,Not enough data to calculate summary score
H7006,"Marion Polk Community Health Plan Advantage, Inc.","MARION POLK COMMUNITY HEALTH PLAN ADVANTAGE, INC.",Plan too new to be measured
H7015,Healthfirst NJ,"HEALTHFIRST HEALTH PLAN OF NEW JERSEY, INC.",3
H7086,Community Health Group,COMMUNITY HEALTH GROUP,Not enough data to calculate summary score
H7149,Coventry Health Care of Nebraska Advantra,"COVENTRY HEALTH CARE OF NEBRASKA, INC.",3
H7179,Arcadian Community Care,"ARCADIAN HEALTH PLAN OF LOUISIANA, INC.",3
H7187,SecureHorizons by UnitedHealthcare,UNITEDHEALTHCARE INSURANCE COMPANY,2.5
H7188,Humana Insurance Company,HUMANA INSURANCE COMPANY,3
H7200,AMERIGROUP Community Care,"AMERIGROUP TENNESSEE, INC.",Not enough data to calculate summary score
H7220,"Clarian Health Plans, Inc. - Clarian Medicare","CLARIAN HEALTH PLANS, INC.",Not enough data to calculate summary score
H7226,HARVARD PILGRIM HEALTH CARE INC.,HARVARD PILGRIM HEALTH CARE INC.,4
H7252,Physicians Health Choice,PHYSICIANS HEALTH CHOICE OF ARKANSAS,Not enough data to calculate summary score
H7281,Bravo Health,"BRAVO HEALTH PENNSYLVANIA, INC.",Plan too new to be measured
H7292,Alliance for Health,ALAMEDA ALLIANCE JOINT POWERS AUTHORITY (JPA),4
H7301,PersonalCare Advantra,PERSONAL CARE INSURANCE OF ILLINOIS,3.5
H7306,Coventry Advantra,FIRST HEALTH LIFE & HEALTH INSURANCE COMPANY,Not enough data to calculate summary score
H7352,University Physicians/Maricopa Care Advantage,UPH/MIHS VENTURES L.L.C.,2.5
H7406,Bravo Health,"BRAVO HEALTH INSURANCE COMPANY,  INC.",3
H7475,"Care Wisconsin Health Plan, Inc.","CARE WISCONSIN HEALTH PLAN, INC.",Not enough data to calculate summary score
H7526,Medica Health Plans,MEDICA HEALTH PLANS,Not enough data to calculate summary score
H7678,"Molina Healthcare of Texas, Inc.","MOLINA HEALTHCARE OF TEXAS, INC.",Not enough data to calculate summary score
H7731,MD Care Inc,"MD CARE, INC.",3.5
H7787,HealthSpring Medicare Advantage,"HEALTHSPRING LIFE & HEALTH INSURANCE COMPANY, INC.",Not enough data to calculate summary score
H7908,Aetna Medicare,AETNA HEALTH,3
H7917,BlueCross BlueShield of Tennessee,BLUE CROSS BLUE SHIELD OF TENNESSEE,4.5
H8050,Carilion Clinic Medicare Health Plan,"CARILION CLINIC MEDICARE RESOURCES, LLC",Plan too new to be measured
H8105,Bravo Health,"BRAVO HEALTH INSURANCE COMPANY, INC.",Plan too new to be measured
H8130,Molina Healthcare of Florida,"MOLINA HEALTHCARE OF FLORIDA, INC.",Plan too new to be measured
H8189,Advantage by Managed Health Services,"MANAGED HEALTH SERVICES, WISCONSIN",Not enough data to calculate summary score
H8393,Coventry Health and Life Insurance Company,COVENTRY HEALTH AND LIFE INSURANCE CO. (NEBRASKA),Not enough data to calculate summary score
H8558,Sterling Life Insurance Company,STERLING LIFE INSURANCE COMPANY,Plan too new to be measured
H8578,"Health New England, Inc.","HEALTH NEW ENGLAND, INC.",Not enough data to calculate summary score
H8604,Health Plan SecureChoice,THP INSURANCE COMPANY,Not enough data to calculate summary score
H8644,Humana Insurance Company,HUMANA INSURANCE COMPANY,3
H8649,Altius Advantra,"ALTIUS HEALTH PLANS, INC. (UTAH)",2.5
H8684,Aetna Medicare,AETNA LIFE INSURANCE COMPANY,Plan too new to be measured
H8707,Humana Insurance Company,HUMANA INSURANCE COMPANY,3
H8742,Universal American,"ABRI HEALTH PLAN, INC",2.5
H8748,AARP MedicareComplete from SecureHorizons,UNITEDHEALTHCARE INSURANCE COMPANY,Not enough data to calculate summary score
H8778,Essence Healthcare,"ESSENCE HEALTHCARE, INC.",3
H8822,"ADVANTAGE Health Solutions, Inc.","ADVANTAGE HEALTH SOLUTIONS, INC.",Not enough data to calculate summary score
H8953,"Humana Health Plan of Ohio, Inc.","HUMANA HEALTH PLAN OF OHIO, INC.",Plan too new to be measured
H8980,HealthAmerica Advantra,COVENTRY HEALTH AND LIFE INSURANCE COMPANY,Not enough data to calculate summary score
H8991,AMERIGROUP Community Care,"AMERIGROUP FLORIDA, INC.",3
H9001,Fallon Community Health Plan,FALLON COMMUNITY HEALTH PLAN,4
H9003,Kaiser Permanente,KAISER FOUNDATION HP OF THE N W,4.5
H9005,HealthPartners Classic Plan,"HEALTHPARTNERS, INC.",4
H9011,SecureHorizons by UnitedHealthcare,"UNITEDHEALTHCARE OF FLORIDA, INC.",3
H9047,Providence Health Plan,PROVIDENCE HEALTH PLAN,5
H9082,"Molina Healthcare of New Mexico, Inc.","MOLINA HEALTHCARE OF NEW MEXICO, INC.",Not enough data to calculate summary score
H9101,"Elderplan, Inc.","ELDERPLAN, INC.  - SHMO",3.5
H9103,Kaiser Permanente,KAISER FOUNDATION HP OF THE N W,4.5
H9104,SCAN Health Plan,SCAN HEALTH PLAN,4
H9149,SecureHorizons by UnitedHealthcare,UNITEDHEALTHCARE INSURANCE COMPANY,Not enough data to calculate summary score
H9184,Bravo Health,"BRAVO HEALTH MID-ATLANTIC, INC.",Plan too new to be measured
H9302,Puget Sound Health Partners,"PUGET SOUND HEALTH PARTNERS, INC.",3.5
H9313,Advantage Plans from Medical Mutual of Ohio,MEDICAL MUTUAL OF OHIO,3
H9385,SCAN Health Plan Arizona,SCAN HEALTH PLAN OF ARIZONA,3.5
H9452,Anthem Blue Cross and Blue Shield,"ROCKY MOUNTAIN HOSPITAL AND MEDICAL SERVICES, INC.",3
H9503,Humana Insurance Company,HUMANA INSURANCE COMPANY,Not enough data to calculate summary score
H9519,Independent Health,INDEPENDENT HEALTH BENEFITS CORPORATION,3
H9572,Blue Cross Blue Shield of Michigan,BLUE CROSS BLUE SHIELD OF MICHIGAN,Plan too new to be measured
H9615,MVP HEALTH CARE,"MVP HEALTH PLAN, INC.",Not enough data to calculate summary score
H9670,UPMC Health Plan,"UPMC HEALTH BENEFITS, INC.",Not enough data to calculate summary score
H9720,"AMERICA'S 1ST CHOICE HEALTH PLANS, INC.","AMERICA'S 1ST CHOICE HEALTH PLANS, INC.",2.5
H9779,"Guardian Healthcare, Inc.","GUARDIAN HEALTHCARE, INC.",Plan too new to be measured
H9793,Highmark Inc.,"HIGHMARK, INC.",4.5
H9847,Coventry Health Care,COVENTRY HEALTH AND LIFE INSURANCE COMPANY,Not enough data to calculate summary score
H9859,MVP HEALTH CARE,"MVP HEALTH PLAN, INC.",4.5
H9988,Sterling Life Insurance Company,STERLING LIFE INSURANCE COMPANY,Plan too new to be measured
R3175,SecureHorizons by UnitedHealthcare,UNITEDHEALTHCARE INSURANCE COMPANY,3
R3332,BlueMedicare Regional PPO,"BLUE CROSS AND BLUE SHIELD OF FL, INC.",Plan too new to be measured
R3444,Care Improvement Plus,CARE IMPROVEMENT PLUS SOUTH CENTRAL INSURANCE CO.,3.5
R5287,SecureHorizons by UnitedHealthcare,UNITEDHEALTHCARE INSURANCE COMPANY,3.5
R5342,SecureHorizons by UnitedHealthcare,UNITEDHEALTHCARE INSURANCE COMPANY OF NEW YORK,2.5
R5566,MedicareBlue PPO,BLUE CROSS BLUE SHIELD NORTHERN PLAINS ALLIANCE,3.5
R5674,"Sierra Health and Life Insurance Company, Inc.","SIERRA HEALTH AND LIFE INSURANCE COMPANY, INC.",3
R5826,Humana Insurance Company,HUMANA INSURANCE COMPANY,2.5
R5941,Anthem Blue Cross and Blue Shield,"ANTHEM INSURANCE COMPANIES, INC.",3.5
R6801,Care Improvement Plus,CARE IMPROVEMENT PLUS OF TEXAS INSURANCE COMPANY,3
R7444,AARP MedicareComplete from SecureHorizons,UNITEDHEALTHCARE INSURANCE COMPANY,Not enough data to calculate summary score
R9896,Care Improvement Plus,CARE IMPROVEMENT PLUS SOUTH CENTRAL INSURANCE CO,3.5
R9943,Anthem Blue Cross,ANTHEM BLUE CROSS LIFE AND HEALTH INSURANCE CO.,3
S0043,"Preferred Medicare Choice, Inc.","PREFERRED MEDICARE CHOICE, INC.",2.5
S0197,Coventry AdvantraRx,CAMBRIDGE LIFE INSURANCE COMPANY,3
S0655,Tufts Health Plan,TUFTS INSURANCE COMPANY,Plan too new to be measured
S1030,BlueRx,BCBS OF ALABAMA AND BCBS OF TENNESSEE,3.5
S2321,AmeriHealth Rx,QCC INS CO D/B/A AMERIHEALTH INS CO,3.5
S2468,Blue Shield of California,CA PHYSICIANS' SERVICE DBA BLUE SHIELD OF CA,4
S2505,Windsor Rx,"WINDSOR HEALTH PLAN, INC",3
S2770,AmeriHealth Advantage,QCC INS CO D/B/A AMERIHEALTH INS CO,3.5
S2873,Bella Vista PharmaCare,"PLAN MEDICO SERVICIOS DE SALUD BELLA VISTA, INC.",Not enough data to calculate summary score
S2874,"Humana Insurance of Puerto Rico, Inc","HUMANA INSURANCE OF PUERTO RICO, INC",Not enough data to calculate summary score
S2893,Blue MedicareRx,BLUE MEDICARERX,3.5
S3389,UPMC Health Plan,"UPMC HEALTH BENEFITS, INC",4
S3440,Alliance Medicare Rx,ALLIANCE HEALTH AND LIFE INSURANCE COMPANY,2.5
S3521,Simply Prescriptions,"EXCELLUS HEALTH PLAN, INC",4.5
S4248,Geisinger Gold,GEISINGER INDEMNITY INSURANCE COMPANY,Not enough data to calculate summary score
S4802,Sterling Life Insurance Company,STERLING LIFE INSURANCE COMPANY,3
S5540,BLUE CROSS AND BLUE SHIELD OF NORTH CAROLINA,BLUE CROSS AND BLUE SHIELD OF NORTH CAROLINA,3.5
S5552,Humana Insurance Company of New York,HUMANA INSURANCE COMPANY OF NEW YORK,2.5
S5555,MCS Classicare,"MCS ADVANTAGE, INC.",2.5
S5557,Fox Insurance Company,FOX INSURANCE COMPANY,3
S5566,HISC - BLUE CROSS AND BLUE SHIELD OF OKLAHOMA,HCSC INSURANCE SERVICES COMPANY,4.5
S5569,First Health Part D,CAMBRIDGE LIFE INSURANCE COMPANY,4
S5580,First United American Life Insurance Company,FIRST UNITED AMERICAN LIFE INSURANCE COMPANY,3.5
S5584,Blue Cross Blue Shield of Michigan,BLUE CROSS BLUE SHIELD OF MICHIGAN,3
S5585,HealthNow New York Inc.,HEALTHNOW NEW YORK INC.,3.5
S5593,Highmark Senior Resources Inc.,HIGHMARK SENIOR RESOURCES INC.,3.5
S5596,Blue MedicareRx,"ANTHEM INSURANCE COMPANIES, INC.",3
S5597,Universal American,PENNSYLVANIA LIFE INSURANCE COMPANY,2.5
S5601,SilverScript Insurance Company,SILVERSCRIPT INSURANCE COMPANY,4
S5609,Asuris Northwest Health,ASURIS NORTHWEST HEALTH,3.5
S5617,CIGNA Medicare Rx,CONNECTICUT GENERAL LIFE INSURANCE COMPANY,3.5
S5644,RxAmerica,ACCENDO INSURANCE COMPANY,3
S5660,Medco Medicare Prescription Plan,MEDCO CONTAINMENT LIFE INSURANCE COMPANY,4.5
S5670,Coventry AdvantraRx,COVENTRY HEALTH AND LIFE INSURANCE COMPANY,3.5
S5674,Coventry AdvantraRx,FIRST HEALTH LIFE AND HEALTH INSURANCE COMPANY,3
S5678,Health Net,HEALTH NET LIFE INS CO/HEALTH NET INS OF NY,3
S5715,"HISC - Blue Cross Blue Shield of IL, TX, and NM",HCSC INSURANCE SERVICES COMPANY,4.5
S5726,Blue MedicareRx,BLUE CROSS BLUE SHIELD OF KANSAS,4
S5741,HIP Medicare PDP,HIP HEALTH PLAN OF NEW YORK,3
S5743,MedicareBlue Rx,BLUE CROSS BLUE SHIELD NORTHERN PLAINS ALLIANCE,4.5
S5753,WPS Health Insurance,WISCONSIN PHYSICIANS SERVICE INSURANCE CORPORATION,4.5
S5755,United American Insurance Company,UNITED AMERICAN INSURANCE COMPANY,3.5
S5766,Medi-CareFirst BlueCross BlueShield,"FIRST CARE, INC.",4.5
S5768,First Health Part D,FIRST HEALTH LIFE AND HEALTH INSURANCE COMPANY,3.5
S5775,Pharmacy Insurance Corporation of America - PICA,PHARMACY INSURANCE CORPORATION OF AMERICA,3
S5795,Arkansas Blue Cross  -  Medi-Pak Rx,"ARKANSAS BCBS, A MUTUAL INS CO",4
S5803,Universal American,PENN LIFE INS CO AND AMER PROG LIFE AND HTH INS CO,3
S5805,UnitedHealthcare,UNITEDHEALTHCARE INSURANCE COMPANY OF NEW YORK,3.5
S5810,Aetna Medicare,AETNA LIFE INSURANCE COMPANY,3
S5820,UnitedHealthcare,UNITEDHEALTHCARE INSURANCE COMPANY,3.5
S5825,Universal American,AMERICAN PROGRESSIVE LIFE AND HEALTH INS CO NY,3
S5840,"First Medical Health Plan, Inc.","FIRST MEDICAL HEALTH PLAN, INC",Not enough data to calculate summary score
S5857,Priority Health Medicare,PRIORITY HEALTH INSURANCE COMPANY,3.5
S5860,Rocky Mountain Health Plans,ROCKY MOUNTAIN  HEALTH MAINTENANCE ORGANIZATION,3
S5877,Educators Mutual Insurance Association,EDUCATORS MUTUAL INSURANCE ASSOCIATION,4.5
S5884,Humana Insurance Company,HUMANA INSURANCE COMPANY,2.5
S5904,"Blue Cross and Blue Shield of Florida, Inc.","BLUE CROSS AND BLUE SHIELD OF FLORIDA, INC.",3.5
S5907,"Triple-S Salud, Inc.","TRIPLE-S SALUD, INC.",3
S5915,Scott and White Health PlanTexas Rx Plan,SCOTT AND WHITE HEALTH PLAN,3
S5916,Regence Life and Health,REGENCE LIFE AND HEALTH INSURANCE COMPANY,3.5
S5917,UNITED HEALTHCARE INSURANCE COMPANY,UNITEDHEALTHCARE  INSURANCE COMPANY,2.5
S5921,UnitedHealthcare,UNITEDHEALTHCARE INS. CO. AND UNITEDHEALTHCARE NY,3.5
S5932,HealthSpring Prescription Drug Plan,"HEALTHSPRING INC. HEALTHSPRING OF ALABAMA, INC.",3.5
S5937,Blue Cross and Blue Shield of Louisiana,LOUISIANA HEALTH SERVICE AND INDEMNITY COMPANY,3
S5953,Blue Cross Blue Shield of South Carolina,BLUE CROSS AND BLUE SHIELD OF SOUTH CAROLINA,3.5
S5954,"Dean Health Insurance, Inc.","DEAN HEALTH INSURANCE, INC.",3.5
S5960,UniCare,UNICARE LIFE AND HEALTH INSURANCE COMPANY,3
S5966,GHI Medicare PDP,GHI (GROUP HEALTH INCORPORATED),3.5
S5967,WellCare,"WELLCARE PRESCRIPTION INSURANCE, INC.",3.5
S5983,Medco Medicare Prescription Plan,MEDCO CONTAINMENT INSURANCE COMPANY OF NEW YORK,3.5
S5993,"Horizon Blue Cross Blue Shield of New Jersey, Inc.",HORIZON HEALTHCARE SERVICES DBA HORIZON BCBS NJ,3
S5998,Bravo Health Insurance Company,"BRAVO HEALTH INSURANCE COMPANY, INC.",3.5
S7394,Express Scripts Insurance Company,EXPRESS SCRIPTS INSURANCE COMPANY,Plan too new to be measured
S7694,EnvisionRx Plus,ENVISION INSURANCE COMPANY,3.5
S8067,Avalon Insurance Company,AVALON INSURANCE COMPANY,3
S8201,UPMC Health Plan,"UPMC HEALTH BENEFITS, INC",Not enough data to calculate summary score
S8475,QUALITY HEALTH PLANS,"QUALITY HEALTH PLANS, INC",2.5
MA-PD Average,,,3.4
PDP Average,,,3.4
Overall Average,,,3.4
